Well,Sample,Barcode_L,Barcode_R,F_Barcode_ID,R_Barcode_ID
A1,Sample_A1,GCGT,GCGT,Hi-TOM-F-1,Hi-TOM-R-A
A2,Sample_A2,GTAG,GCGT,Hi-TOM-F-2,Hi-TOM-R-A
A3,Sample_A3,ACGC,GCGT,Hi-TOM-F-3,Hi-TOM-R-A
A4,Sample_A4,CTCG,GCGT,Hi-TOM-F-4,Hi-TOM-R-A
A5,Sample_A5,GCTC,GCGT,Hi-TOM-F-5,Hi-TOM-R-A
A6,Sample_A6,AGTC,GCGT,Hi-TOM-F-6,Hi-TOM-R-A
A7,Sample_A7,CGAC,GCGT,Hi-TOM-F-7,Hi-TOM-R-A
A8,Sample_A8,GATG,GCGT,Hi-TOM-F-8,Hi-TOM-R-A
A9,Sample_A9,ATAC,GCGT,Hi-TOM-F-9,Hi-TOM-R-A
A10,Sample_A10,CACA,GCGT,Hi-TOM-F-10,Hi-TOM-R-A
A11,Sample_A11,GTGC,GCGT,Hi-TOM-F-11,Hi-TOM-R-A
A12,Sample_A12,ACTA,GCGT,Hi-TOM-F-12,Hi-TOM-R-A
B1,Sample_B1,GCGT,GTAG,Hi-TOM-F-1,Hi-TOM-R-B
B2,Sample_B2,GTAG,GTAG,Hi-TOM-F-2,Hi-TOM-R-B
B3,Sample_B3,ACGC,GTAG,Hi-TOM-F-3,Hi-TOM-R-B
B4,Sample_B4,CTCG,GTAG,Hi-TOM-F-4,Hi-TOM-R-B
B5,Sample_B5,GCTC,GTAG,Hi-TOM-F-5,Hi-TOM-R-B
B6,Sample_B6,AGTC,GTAG,Hi-TOM-F-6,Hi-TOM-R-B
B7,Sample_B7,CGAC,GTAG,Hi-TOM-F-7,Hi-TOM-R-B
B8,Sample_B8,GATG,GTAG,Hi-TOM-F-8,Hi-TOM-R-B
B9,Sample_B9,ATAC,GTAG,Hi-TOM-F-9,Hi-TOM-R-B
B10,Sample_B10,CACA,GTAG,Hi-TOM-F-10,Hi-TOM-R-B
B11,Sample_B11,GTGC,GTAG,Hi-TOM-F-11,Hi-TOM-R-B
B12,Sample_B12,ACTA,GTAG,Hi-TOM-F-12,Hi-TOM-R-B
C1,Sample_C1,GCGT,ACGC,Hi-TOM-F-1,Hi-TOM-R-C
C2,Sample_C2,GTAG,ACGC,Hi-TOM-F-2,Hi-TOM-R-C
C3,Sample_C3,ACGC,ACGC,Hi-TOM-F-3,Hi-TOM-R-C
C4,Sample_C4,CTCG,ACGC,Hi-TOM-F-4,Hi-TOM-R-C
C5,Sample_C5,GCTC,ACGC,Hi-TOM-F-5,Hi-TOM-R-C
C6,Sample_C6,AGTC,ACGC,Hi-TOM-F-6,Hi-TOM-R-C
C7,Sample_C7,CGAC,ACGC,Hi-TOM-F-7,Hi-TOM-R-C
C8,Sample_C8,GATG,ACGC,Hi-TOM-F-8,Hi-TOM-R-C
C9,Sample_C9,ATAC,ACGC,Hi-TOM-F-9,Hi-TOM-R-C
C10,Sample_C10,CACA,ACGC,Hi-TOM-F-10,Hi-TOM-R-C
C11,Sample_C11,GTGC,ACGC,Hi-TOM-F-11,Hi-TOM-R-C
C12,Sample_C12,ACTA,ACGC,Hi-TOM-F-12,Hi-TOM-R-C
D1,Sample_D1,GCGT,CTCG,Hi-TOM-F-1,Hi-TOM-R-D
D2,Sample_D2,GTAG,CTCG,Hi-TOM-F-2,Hi-TOM-R-D
D3,Sample_D3,ACGC,CTCG,Hi-TOM-F-3,Hi-TOM-R-D
D4,Sample_D4,CTCG,CTCG,Hi-TOM-F-4,Hi-TOM-R-D
D5,Sample_D5,GCTC,CTCG,Hi-TOM-F-5,Hi-TOM-R-D
D6,Sample_D6,AGTC,CTCG,Hi-TOM-F-6,Hi-TOM-R-D
D7,Sample_D7,CGAC,CTCG,Hi-TOM-F-7,Hi-TOM-R-D
D8,Sample_D8,GATG,CTCG,Hi-TOM-F-8,Hi-TOM-R-D
D9,Sample_D9,ATAC,CTCG,Hi-TOM-F-9,Hi-TOM-R-D
D10,Sample_D10,CACA,CTCG,Hi-TOM-F-10,Hi-TOM-R-D
D11,Sample_D11,GTGC,CTCG,Hi-TOM-F-11,Hi-TOM-R-D
D12,Sample_D12,ACTA,CTCG,Hi-TOM-F-12,Hi-TOM-R-D
E1,Sample_E1,GCGT,GCTC,Hi-TOM-F-1,Hi-TOM-R-E
E2,Sample_E2,GTAG,GCTC,Hi-TOM-F-2,Hi-TOM-R-E
E3,Sample_E3,ACGC,GCTC,Hi-TOM-F-3,Hi-TOM-R-E
E4,Sample_E4,CTCG,GCTC,Hi-TOM-F-4,Hi-TOM-R-E
E5,Sample_E5,GCTC,GCTC,Hi-TOM-F-5,Hi-TOM-R-E
E6,Sample_E6,AGTC,GCTC,Hi-TOM-F-6,Hi-TOM-R-E
E7,Sample_E7,CGAC,GCTC,Hi-TOM-F-7,Hi-TOM-R-E
E8,Sample_E8,GATG,GCTC,Hi-TOM-F-8,Hi-TOM-R-E
E9,Sample_E9,ATAC,GCTC,Hi-TOM-F-9,Hi-TOM-R-E
E10,Sample_E10,CACA,GCTC,Hi-TOM-F-10,Hi-TOM-R-E
E11,Sample_E11,GTGC,GCTC,Hi-TOM-F-11,Hi-TOM-R-E
E12,Sample_E12,ACTA,GCTC,Hi-TOM-F-12,Hi-TOM-R-E
F1,Sample_F1,GCGT,AGTC,Hi-TOM-F-1,Hi-TOM-R-F
F2,Sample_F2,GTAG,AGTC,Hi-TOM-F-2,Hi-TOM-R-F
F3,Sample_F3,ACGC,AGTC,Hi-TOM-F-3,Hi-TOM-R-F
F4,Sample_F4,CTCG,AGTC,Hi-TOM-F-4,Hi-TOM-R-F
F5,Sample_F5,GCTC,AGTC,Hi-TOM-F-5,Hi-TOM-R-F
F6,Sample_F6,AGTC,AGTC,Hi-TOM-F-6,Hi-TOM-R-F
F7,Sample_F7,CGAC,AGTC,Hi-TOM-F-7,Hi-TOM-R-F
F8,Sample_F8,GATG,AGTC,Hi-TOM-F-8,Hi-TOM-R-F
F9,Sample_F9,ATAC,AGTC,Hi-TOM-F-9,Hi-TOM-R-F
F10,Sample_F10,CACA,AGTC,Hi-TOM-F-10,Hi-TOM-R-F
F11,Sample_F11,GTGC,AGTC,Hi-TOM-F-11,Hi-TOM-R-F
F12,Sample_F12,ACTA,AGTC,Hi-TOM-F-12,Hi-TOM-R-F
G1,Sample_G1,GCGT,CGAC,Hi-TOM-F-1,Hi-TOM-R-G
G2,Sample_G2,GTAG,CGAC,Hi-TOM-F-2,Hi-TOM-R-G
G3,Sample_G3,ACGC,CGAC,Hi-TOM-F-3,Hi-TOM-R-G
G4,Sample_G4,CTCG,CGAC,Hi-TOM-F-4,Hi-TOM-R-G
G5,Sample_G5,GCTC,CGAC,Hi-TOM-F-5,Hi-TOM-R-G
G6,Sample_G6,AGTC,CGAC,Hi-TOM-F-6,Hi-TOM-R-G
G7,Sample_G7,CGAC,CGAC,Hi-TOM-F-7,Hi-TOM-R-G
G8,Sample_G8,GATG,CGAC,Hi-TOM-F-8,Hi-TOM-R-G
G9,Sample_G9,ATAC,CGAC,Hi-TOM-F-9,Hi-TOM-R-G
G10,Sample_G10,CACA,CGAC,Hi-TOM-F-10,Hi-TOM-R-G
G11,Sample_G11,GTGC,CGAC,Hi-TOM-F-11,Hi-TOM-R-G
G12,Sample_G12,ACTA,CGAC,Hi-TOM-F-12,Hi-TOM-R-G
H1,Sample_H1,GCGT,GATG,Hi-TOM-F-1,Hi-TOM-R-H
H2,Sample_H2,GTAG,GATG,Hi-TOM-F-2,Hi-TOM-R-H
H3,Sample_H3,ACGC,GATG,Hi-TOM-F-3,Hi-TOM-R-H
H4,Sample_H4,CTCG,GATG,Hi-TOM-F-4,Hi-TOM-R-H
H5,Sample_H5,GCTC,GATG,Hi-TOM-F-5,Hi-TOM-R-H
H6,Sample_H6,AGTC,GATG,Hi-TOM-F-6,Hi-TOM-R-H
H7,Sample_H7,CGAC,GATG,Hi-TOM-F-7,Hi-TOM-R-H
H8,Sample_H8,GATG,GATG,Hi-TOM-F-8,Hi-TOM-R-H
H9,Sample_H9,ATAC,GATG,Hi-TOM-F-9,Hi-TOM-R-H
H10,Sample_H10,CACA,GATG,Hi-TOM-F-10,Hi-TOM-R-H
H11,Sample_H11,GTGC,GATG,Hi-TOM-F-11,Hi-TOM-R-H
H12,Sample_H12,ACTA,GATG,Hi-TOM-F-12,Hi-TOM-R-H
